{"base_files_url": "https://raw.githubusercontent.com/diegofigs/MiSTer_remote_game_gallery/4dbf034e495cb833d93119f091d5386779e4955f/", "db_id": "remote_game_gallery", "db_url": "https://raw.githubusercontent.com/diegofigs/MiSTer_remote_game_gallery/db/db.json.zip", "files": {"Scripts/remote_game_gallery.sh": {"hash": "793d1944eb3f01a349dc98b3968e4254", "size": 4197, "tags": [17]}, "remote_game_gallery/index.html": {"hash": "5f991a5efe3a7ff71274099fe27b8e7c", "size": 374, "tags": [16]}, "remote_game_gallery/index.js": {"hash": "69caae429c494eb71e5e04fcbd08210b", "size": 175823, "tags": [16]}, "remote_game_gallery/vite.svg": {"hash": "8e3a10e157f75ada21ab742c022d5430", "size": 1497, "tags": [16]}}, "folders": {"Scripts": {"tags": [17]}, "remote_game_gallery": {"tags": [16]}}, "tag_dictionary": {"remotegamegallery": 16, "scripts": 17}, "timestamp": 1738462151}